Doctor Name,Contact Number,Status,Speciality
Anthony Russell,8617922,Available,Chest X-Ray
Jeremy Washington,9962748,Unavailable,CT Scan
Linda Martinez,9098585,Available,Chest X-Ray
Janet Brown,8089423,Unavailable,CT Scan
Thomas Nelson,8844754,Available,Chest X-Ray
Pamela Moore,8664100,Unavailable,CT Scan
Samuel Ramirez,8871871,Available,Chest X-Ray
Kenneth Thomas,8112145,Unavailable,CT Scan
Julie Price,9297815,Available,Chest X-Ray
Amy Adams,8270890,Unavailable,CT Scan
Chris Henderson,9878011,Available,Chest X-Ray
Denise Richardson,8314782,Unavailable,CT Scan
Albert Diaz,8896215,Available,Chest X-Ray
Jeffrey Cox,9494533,Unavailable,CT Scan
Terry Butler,8384864,Available,Chest X-Ray
Daniel Wilson,9118676,Unavailable,Chest X-Ray
Cynthia Baker,8102339,Available,CT Scan
Christina Wood,9549318,Unavailable,Chest X-Ray
Jonathan Turner,9575403,Available,CT Scan
Carol Perry,8654913,Unavailable,Chest X-Ray
Virginia Long,9280441,Available,CT Scan
Paul Alexander,9351946,Unavailable,Chest X-Ray
Donald Stewart,9839577,Available,CT Scan
Brandon Murphy,9068079,Unavailable,Chest X-Ray
Bobby Ross,8187162,Available,CT Scan
Arthur Miller,9252147,Unavailable,Chest X-Ray
Shawn Morgan,9459797,Available,CT Scan
Fred Campbell,8858279,Unavailable,Chest X-Ray
Steven Kelly,9290235,Available,Chest X-Ray
Michelle Ward,8059042,Unavailable,CT Scan
William Bailey,8518379,Available,CT Scan
Ernest Mitchell,8892664,Unavailable,Chest X-Ray
Mildred Thompson,8884668,Available,Chest X-Ray
Sharon Flores,8106218,Unavailable,CT Scan
Jean Barnes,9546305,Available,CT Scan
Wanda Howard,8581351,Unavailable,Chest X-Ray
Bruce Edwards,9643252,Available,Chest X-Ray
Jennifer Rodriguez,9625426,Unavailable,CT Scan
Anne Garcia,8370269,Available,CT Scan
Eric Griffin,8599529,Unavailable,Chest X-Ray
Ann Green,8950313,Available,Chest X-Ray
Jason Lopez,8706619,Unavailable,CT Scan
James Brooks,9528860,Available,CT Scan
Nicholas Harris,8448451,Unavailable,Chest X-Ray
Beverly Collins,8504318,Available,Chest X-Ray
Laura Evans,8452247,Unavailable,CT Scan
Stephanie Bennett,9043469,Available,CT Scan
Carolyn Young,9151772,Unavailable,Chest X-Ray
Justin Gonzalez,9613423,Available,Chest X-Ray
Gregory Torres,8038237,Unavailable,CT Scan
Jane Foster,9949099,Available,CT Scan
Mark Perez,8096504,Unavailable,Chest X-Ray
Benjamin Phillips,8937246,Available,Chest X-Ray
Catherine Morris,8091662,Unavailable,CT Scan
Lori Walker,9530467,Available,CT Scan
Todd Bell,8986382,Unavailable,Chest X-Ray
Michael Simmons,9693888,Available,Chest X-Ray
Mary Jackson,8535030,Unavailable,CT Scan
Eugene Sanchez,9047181,Available,CT Scan
Andrea Hernandez,9378589,Unavailable,Chest X-Ray
Gary Clark,8521532,Available,Chest X-Ray
Harold Parker,8260451,Unavailable,CT Scan
Cheryl Davis,8522611,Available,CT Scan
Amanda Peterson,8359600,Unavailable,Chest X-Ray
Jessica Scott,8773085,Available,Chest X-Ray
Douglas Patterson,9396773,Unavailable,CT Scan
Irene Carter,9080000,Available,CT Scan
Jacqueline Lee,9630852,Unavailable,Chest X-Ray
Elizabeth Reed,8226445,Available,Chest X-Ray
Ronald Williams,9906172,Unavailable,CT Scan
Johnny Jenkins,9196707,Available,CT Scan
Patricia Hall,9320040,Unavailable,Chest X-Ray
Scott Wright,8625283,Available,Chest X-Ray
Roy King,9298973,Unavailable,CT Scan
Rose Powell,9076452,Available,CT Scan
Theresa Martin,9299252,Unavailable,Chest X-Ray
Frances Roberts,8144361,Available,Chest X-Ray
Joan Cooper,8154080,Unavailable,CT Scan
Christopher Coleman,9506458,Available,CT Scan
Jose Taylor,9402877,Unavailable,Chest X-Ray
Janice Gray,9891135,Available,Chest X-Ray
Peter James,8734025,Unavailable,CT Scan
Kathleen Jones,9997846,Available,CT Scan
Melissa White,8650748,Unavailable,Chest X-Ray
Lois Cook,9318302,Available,Chest X-Ray
Larry Rogers,8966870,Unavailable,CT Scan
Diane Hughes,8682724,Available,CT Scan
Nicole Anderson,8936684,Unavailable,Chest X-Ray
Steve Johnson,9990897,Available,Chest X-Ray
Teresa Gonzales,9484316,Unavailable,CT Scan
Brenda Allen,8427731,Available,CT Scan
Debra Smith,8765544,Unavailable,Chest X-Ray
Ralph Robinson,9297069,Available,Chest X-Ray
Judy Rivera,8244932,Unavailable,CT Scan
Tammy Lewis,8195834,Available,CT Scan
Kimberly Sanders,8527006,Unavailable,Chest X-Ray
Willie Watson,8386839,Available,Chest X-Ray
Heather Bryant,9733696,Unavailable,CT Scan
Sandra Hill,8184573,Available,CT Scan
Craig,9778236,Unavailable,Chest X-Ray
